1052887,1136997,1514948,2996589,4480598,4783916,4060660,3080486,2115701,797510,-622392,-1077787,-536126,-224820,-603616,-876628,-669334,-546054,-734752,-1060081,-1490838,-1727885,-1886811,-2420008,-2579142,-2189617,-2520842,-2919644,-2370009,-2474360,-3458774,-3620891,-3372997,-3487149,-3461711,-3559516,-3856027,-3780318,-3734055,-3827651,-3449319,-2985945,-2919644,-2852998,-2516956,-1926512,-1438470,-1400779,-1075255,-213261,134122,173255,498298,366568,258380,1055694,1434180,996136,1117356,1517394,1393389,1358819,1587657,1535265,1300685,1271496,1421764,1445113,1255790,1138012,1220138,1322528,1393389,1439313,1378631,1365014,1513595,1551277,1450140,1458002,1573104,1790642,1921031,1735917,1847393,2283443,1952539,1279888,1339858,1435875,1223138,1343271,1486011,1478515,1496979,909670
309638,1687512,771273,511482,55813,-575463,202859,-1568105,-3375947,-2473786,-2214438,-2367218,-1438727,-1675181,-3595104,-3460004,-2165726,-2986172,-3738033,-2149844,-3772585,-3761480,-2276413,-3301735,-2172774,-4466978,-4275299,-115370,-2391162,-1476972,102180,-997938,1102819,513336,1425920,1947418,1201754,2582866,2188010,3313978,2706524,1573950,2050106,2394084,3208442,1777717,1608013,1186321,2274625,2217462,1055044,1999190,952523,2514422,1781992,-288809,1323555,1455581,1080182,1172789,1165412,985020,815417,719594,1123230,1888922,1377506,1447104,1997739,1148757,-351677,24184,-370122,-582393,-471515,-1909924,-79549,150298,-2199744,-1334245,-810836,-1064330,-1502936,-972570,-965617,-1616469,-1118838,-839339,369275,2331546,5113754,5735477,3640770,77294,-2653053,-436259
664055,510025,776935,2230820,3519413,3690059,3560371,3380942,2449867,1048486,-46898,-493498,-248035,-148955,-677352,-909246,-668278,-620033,-876049,-1431264,-1849352,-1768571,-1853152,-2160105,-2213052,-2450809,-2860495,-2805174,-2645124,-2956527,-3427803,-3571948,-3516976,-3738441,-4187743,-4312524,-4064031,-3941412,-4016941,-3870308,-3477361,-3165616,-2922226,-2585512,-2148214,-1611955,-1072261,-649203,-276744,73514,298129,473551,720771,898816,984755,1194919,1416975,1467766,1536291,1618299,1547970,1517708,1692141,1843364,1794724,1691110,1661995,1685720,1639844,1468927,1543420,1812278,1484091,962081,1258596,1730437,1677793,1599752,1584278,1371046,1104027,1001053,1205749,1464702,1515013,1618158,1602704,1280566,1159516,1188637,1266685,1629629,1703612,1570448,1715558,1131093
2451307,4353479,3691282,3368961,4087445,2732258,963288,1082995,1787150,2074560,1722293,1208898,1558371,1788808,644787,-273449,-130443,-211240,-488255,-491708,-450375,-483210,-477210,-484447,-971985,-1518788,-1652314,-2069232,-2568323,-2701429,-2860826,-2995197,-3149433,-3456282,-3577398,-3537456,-3577153,-3728072,-3920234,-3897297,-3644256,-3626287,-3624100,-3242275,-3059960,-2958561,-2439884,-1902995,-1502002,-1220046,-928044,-434207,-55496,245443,462709,554309,849462,975122,910505,1020909,921463,775130,866436,834446,668496,553055,605790,751292,685217,480699,428695,512514,550779,511463,477107,515448,488551,345214,359741,349575,207915,308148,279790,262761,425121,390928,878720,1518102,2776518,4480539,3662878,3083276,3970983,2636014,1678574,1534150
1360333,1577113,5528577,7247161,4442098,1091820,-395579,1637495,1958267,1470947,2110014,830019,-775323,-1548122,-1529000,-1901990,-1826540,-2223436,-2512301,-2058568,-2668620,-2699832,-2677429,-3228988,-2824046,-3219583,-3698156,-3541714,-3794521,-3908863,-4182672,-3963219,-4038513,-3845399,-3485110,-2815448,-2120886,-1410789,-453313,110880,1178787,1469852,1985849,2107632,2154912,2499100,2031837,1771291,1634713,1560151,1412123,1059641,1389461,1274445,1145264,1441084,1138762,950319,1018764,924171,1130686,775048,791288,985899,674125,682651,526928,567429,581249,325418,253660,684500,993949,1247252,1464230,1733885,1206211,841369,733932,310489,-69639,-239634,252383,-461587,-317144,-162413,-205246,-286863,-713528,-187572,-168396,-403879,-639012,-953274,659743,1220940
848786,2686155,5274647,2725288,3048068,994627,-2928802,-1357027,905855,277758,-852721,483533,-254495,-1926527,-2614668,-2827744,-2496205,-2120786,-4202525,-2782998,-2046892,-3908288,-3119915,-3389291,-4105308,-3566550,-3184481,-3979523,-4565866,-3927524,-3723054,-3498382,-4054515,-3123942,-2413262,-2261057,-1622615,-1090982,-430446,-55801,627161,407518,1471767,1409057,1790520,1419462,1885163,1619543,1362862,1339695,1405617,2175661,908178,1378161,1109421,1178747,2156609,-41286,2469945,1778184,355325,1412293,1332247,1569131,1342527,1240079,905300,1504706,1248679,961519,1014112,1375129,1029271,2237389,1948566,1969281,2751836,1217615,1197388,1096338,936006,1301665,104256,565930,878536,-134943,789513,582612,473276,333638,856380,1132494,-58282,426721,727636,711322
2527081,4261109,5132347,5745038,5758548,4773863,3198924,1595087,395203,-60925,-103859,-440327,-784650,-521431,-199264,-208623,-254627,-751931,-1550078,-1651825,-1486757,-1593324,-1554111,-1849073,-2136801,-1219248,-752863,-1938226,-2295980,-1386982,-1646524,-2701460,-2798656,-2658750,-3150221,-3439270,-3216952,-3285937,-3630158,-3606402,-3499086,-3639622,-3454611,-2909922,-2746442,-2767514,-2307689,-1888398,-1959458,-1604725,-665854,-266590,-259919,198009,604873,548085,607613,854123,915695,942267,1197194,1491448,1410771,1050720,1058522,1350766,1193997,852236,944192,1085326,1054375,1199431,1331047,1361700,1474468,1232481,744906,819910,1171944,1281377,1452435,1666074,1880907,2205118,1969468,1165474,938080,1184139,1022572,882908,1152943,1060033,591070,727358,1103889,477919
1254603,2304201,3530615,5198658,5877085,5114316,3602187,2116673,539704,-464642,-284336,-401120,-643766,-351568,-205532,-117985,-678219,-1321586,-1194787,-1487735,-1573541,-1412069,-2055422,-2531501,-2477534,-2152509,-2725223,-4045159,-4000603,-3919210,-4174617,-4218706,-5038727,-4496360,-3485078,-4067127,-3926440,-3260423,-2728801,-2131651,-2053692,-1481123,-636216,-26521,355830,191532,524876,812154,540917,900290,1085301,848666,1073704,1210746,1094488,1158807,1262778,1149607,867912,784420,1087718,1155569,869851,1008312,1248718,1192728,1514079,1768168,1293579,1275106,1628019,1293568,1257285,1444783,1113016,1142152,1383742,1184587,991186,952535,852478,662125,326056,314832,743214,794176,827599,1102645,585835,-146083,57764,320916,88567,281582,621072,131978
687883,2538020,5447674,4636338,3400881,-501893,-3352741,-1262772,-181620,55745,-635541,-781105,-585378,-1991185,-2021835,-2002488,-2523494,-2810476,-2876260,-2461795,-2975765,-3269966,-2744000,-3800825,-3563340,-3154521,-4197721,-3895327,-4098502,-3600200,-4545672,-3512480,-3805418,-3161157,-2096531,-2201830,-1079714,-625679,270272,795724,995313,1271850,2171663,1903383,2187079,1929096,2392498,1782944,1650224,2130311,1637614,1679845,1376180,1459999,1421660,1890601,1373458,1708098,1801752,1433292,1342622,1660480,1174698,1329410,1619017,880111,1331272,1123601,673806,1011995,1208602,608100,1446550,1794320,1586560,1803822,1518082,935090,1092437,1252215,8720,395814,751604,-355434,657164,264223,-96711,209299,-110915,249678,130000,-126085,-64913,2330,477559,502707
3498481,5973052,5278484,4556635,1510929,1521223,3436397,2711416,3375504,2925598,313063,-698825,-949553,-1646452,-1737560,-1733446,-2041571,-2453902,-2412876,-2637236,-2978696,-3113411,-3073973,-2889748,-3364353,-3723784,-3694188,-4363997,-4670582,-4106005,-4422794,-3972174,-3775550,-3070723,-2197941,-1877318,-1029071,-36316,426675,584751,1415628,1373863,1427086,1508015,1510348,1375779,1124163,1401664,1439052,1172405,1176188,1383378,1487738,1290747,1323838,1189956,840346,958487,1065988,863600,839967,758939,561863,674756,550897,473575,538310,307247,258882,221653,411072,134944,169026,698912,614345,802397,1429225,1289957,685755,347066,201800,38548,-75600,-47580,-12858,-30037,-323726,-37340,-15742,11246,-55779,-101066,-67837,-448903,117505,310146
1011310,2069537,3027800,4585273,5279662,3939825,2291529,739403,-616320,-241987,671272,429581,207744,481203,520582,390950,-396843,-1131624,-959168,-1174101,-1426786,-1114024,-1168268,-1485387,-1662044,-1696439,-1871773,-2482032,-2921118,-2985981,-3467298,-3893052,-3922561,-4742589,-5145587,-4629284,-4734930,-4570587,-4117320,-3858555,-3195198,-2844064,-2136324,-993384,-722793,-364393,429543,627138,670458,1235515,1639958,1371355,1358989,1712436,1641689,1615873,1731267,1422669,1128108,1123963,1184671,1162130,1013795,918293,847886,829959,1011561,1085726,998216,1129486,1321782,1296343,1393229,1813437,2325302,2598435,2285831,1766279,1956683,1874275,858017,628500,752213,355576,599284,675182,69569,14448,-120347,-642426,-141370,472265,145515,123682,434528,279230
576354,1008807,1927837,3226705,4292072,4712600,3945442,2565789,1218464,-29141,157726,680992,-209375,-355148,5740,-143065,-563825,-1833989,-2020689,-1340645,-2051387,-2248733,-1768629,-2429432,-2644526,-2487636,-3051801,-3550384,-3987746,-3527082,-3294582,-4228648,-4491793,-4250849,-4172663,-3807335,-4335565,-4561262,-3333866,-2878495,-2616734,-1848118,-1441263,-843315,-420681,-150152,66297,168536,446429,703398,1001252,1128833,1027351,1086209,1116117,1015322,1026680,1071351,888961,1039058,1478017,1176177,921803,1220182,1286954,1337095,1397423,1330221,1363811,1483721,1597879,1583857,1645631,1927544,2015230,1917943,2090996,2141974,1742139,1581731,1551736,1117614,927761,1062382,939162,898169,917248,717686,797551,772282,532007,614222,625295,665175,887169,548440
-1481228,-474336,453403,-666321,-1360993,-2557160,-3196678,-3162631,-3252471,-3356395,-3542439,-2926352,-3084557,-3317211,-2743214,-2772514,-2768564,-2924647,-2597199,-2764012,-2995455,-2789881,-2851080,-2832289,-3039282,-2988219,-2724388,-2320722,-2035723,-1651444,-848812,-485761,-142100,303924,886161,1119935,749843,1107747,968374,762340,657596,-48556,508179,-5026,16698,52808,-96555,661005,459194,645218,1114397,875784,1016743,1193388,1477879,1419077,1325126,1691677,1425749,1203334,1450591,1487961,1431530,1272003,1308490,1126149,1664148,2323831,2129609,2461509,1424505,1196629,1011726,703225,871360,552664,555590,418694,481669,684513,425265,380700,486385,809706,556304,517786,709188,253519,696191,1345512,3211567,6553264,6987821,5565297,2423017,-769276
2071035,5899899,8074586,4990779,3564768,164787,-1251310,1734384,1827030,1698502,1767838,1270062,186736,-1241767,-1342572,-1224348,-2142897,-1829730,-2051393,-2282391,-2225003,-2586221,-2930518,-2978296,-2695710,-3395866,-3516383,-3149297,-3495744,-3891637,-4040935,-3203220,-3381297,-3485330,-2561567,-2162930,-1179076,-295578,-93146,855432,1349392,1105212,2021482,2343162,1818544,2327630,1988565,1899978,1697223,1809870,1610630,1213396,1755890,885912,1174385,1557063,1154850,1101243,1340601,999242,832967,1143228,698421,769318,936319,164557,432590,701080,226984,7243,58889,603334,506073,1456452,1413339,1030949,1063390,211783,536089,-168091,-853761,-359439,-923868,-672403,-782510,-892316,-507290,-1450045,-846497,-616238,-1172682,-407673,-1174162,-1481381,-643987,-466609
1050931,1529098,1748480,2633542,4197159,5251338,5146820,4656364,4451069,4019241,2898543,1542349,463167,-102377,123508,777292,742235,-119411,-566545,-63519,385721,71610,-389061,-371072,-295459,-709413,-1181282,-1115346,-836822,-987454,-1465658,-1812400,-1940785,-1930232,-1849222,-1978111,-2519900,-3081822,-3138174,-2962218,-3287936,-4009944,-4188525,-3646736,-3317306,-3599967,-3770593,-3417549,-3042932,-2994391,-2985142,-2752351,-2375124,-1949599,-1505683,-1129638,-874546,-617651,-281391,-62494,-98905,-125213,183658,620695,749253,640257,754303,1124727,1270844,1093483,1032815,1182467,1150706,964219,1115903,1579313,1775277,1583635,1467520,1545106,1383342,962376,889775,1206171,1172702,740891,750815,1270641,1490997,1299627,1184744,1166255,1178220,1380317,1341571,508807
4716055,7413513,6057149,5706182,1807997,787642,3437659,2690906,2426554,2485276,1248596,-108022,-909763,-795169,-1097195,-1506393,-1496457,-1720517,-1802910,-2113323,-2379335,-2247005,-2365089,-2759771,-3148600,-3156623,-3468393,-3944538,-3796053,-3945635,-4165806,-4152987,-3707188,-3002400,-2619231,-1938846,-1043614,-317245,411961,758030,1100619,1639663,1794638,1820337,1732761,1637415,1520829,1366493,1374685,1100908,1192758,1510067,1201585,1050341,1038837,1079822,1082929,851406,885299,861493,669980,663704,644682,529116,207235,123661,295966,156109,22170,37767,126517,-11080,-83871,178367,486844,807086,844941,825347,504001,111367,-32421,-409160,-403687,-733029,-911095,-483457,-586350,-837036,-747408,-528177,-665156,-737549,-528953,-577636,-610998,-430094
669640,4386603,7222122,4682975,4828512,1303606,-1859470,520264,1046063,-205532,-64521,722931,-817620,-1300494,-2192163,-2183227,-1297501,-2471296,-2511383,-2281831,-2897536,-2720393,-2778580,-3148450,-3484726,-3844894,-3804591,-3510878,-3898196,-4191439,-4289871,-3977816,-3427576,-2816453,-2444586,-1902583,-1052838,-301803,425850,1413196,1477730,1335610,2341798,1404200,2389074,2607371,1631543,1964311,1482968,1863717,1929579,1564076,1380044,850171,1739929,1569520,1218347,1315090,1007803,1186132,1400642,1192976,945685,961711,798860,732973,836326,478170,299585,230346,428290,213615,566585,953342,1446172,1949374,1060551,762867,937413,608541,84512,-424750,-174999,-332681,-89219,-405647,-336891,-436029,-347659,-390116,-385883,-54637,-581991,-269391,-89615,-371556
1322036,4596909,7383863,5725306,4485682,1175930,-1422984,1546555,2366540,1292296,2009002,1777271,-9013,-1029233,-1125286,-1586013,-1808527,-1933950,-1923600,-2168375,-2283533,-2322708,-2468877,-2803147,-3277714,-3023436,-3198167,-3789820,-4044289,-4088766,-3816414,-3686701,-3631581,-3512469,-2730417,-2181383,-1601958,-715224,-341417,503581,655194,1125058,2284890,1746483,1717581,1891887,1660808,1865693,1619984,1566554,1395452,1090796,1470531,1733142,1394798,887280,1433335,1632793,764969,1378689,1905915,1525531,863270,506486,872231,679222,577844,428014,466717,664597,177203,741012,789638,1383750,1711701,1426330,650591,-432504,63351,197164,-211443,-605839,-558168,-318618,-1002098,-471778,-571783,-1015164,-1083455,-1204403,-296026,-939440,-1547739,-835935,-1024855,-487201
2281862,3280029,2870771,2621770,3127898,3528645,2573102,721355,-703210,-1529494,-1991707,-2130556,-2235654,-2439775,-2532240,-2589378,-2778394,-2862496,-2791790,-2844518,-2874172,-2797443,-2890216,-2926127,-2938024,-3128982,-3151986,-3257937,-3353061,-3071422,-3180144,-3451565,-3161505,-2936624,-2907961,-2567108,-2171802,-1864148,-1406910,-1049329,-639359,-88974,24068,212847,541900,288032,216394,544061,605752,787716,958524,516074,350345,715279,550083,462384,765381,604719,604565,844580,765381,904059,1000245,713205,1020789,1553729,1272179,1353325,1850862,1480041,1175868,1128585,893085,1250734,1634443,1536816,1308122,1028931,921592,534530,414196,840369,522283,439608,765381,272303,512381,1227366,1148492,2292820,4510545,5001845,4181453,3691588,2661743,836980
1103966,2113724,3753681,4945113,4826540,4376808,4126265,3175203,1573816,242011,-477805,-421763,2949,-189569,-762292,-912161,-884236,-805100,-511067,-615104,-1256148,-1661778,-1665998,-1556575,-1469296,-1764668,-2331086,-2494172,-2458028,-2793809,-3172068,-3272436,-3417263,-3677621,-3806934,-3810933,-3813386,-3839323,-3795970,-3563281,-3241715,-3054850,-3012654,-2955945,-2646219,-1917658,-1104304,-831403,-1051653,-944323,-275704,146142,94481,261804,551436,509217,648071,962980,626933,202633,673310,1155905,746736,409707,870900,1201474,863447,693438,951069,961839,836392,1036025,1274352,1325178,1248303,1117251,1267597,1442629,1145228,1216642,1972468,2133805,1863757,2158068,2179228,1633417,1634857,1785118,1383189,1323879,1742345,1734541,1551709,1728250,1692273,1038198
-771920,-1304394,-1261263,-1317618,-1282290,-823283,-676838,-1214495,-1880072,-2086342,-1700716,-1557041,-2128756,-2250528,-1795961,-2292387,-3176139,-2923792,-2497537,-3231897,-3956613,-3692583,-4019357,-4355401,-3639692,-4023287,-4608365,-3686523,-3185658,-3324934,-2924390,-2104104,-1448450,-1025261,-246206,528588,321596,293291,1154402,1147809,669192,1066421,1309666,1252721,1289373,1006015,984012,1340511,1029003,710703,1073082,1222592,1051439,934342,1028256,1196726,1152263,1305862,1475942,1483590,1754438,2048311,2190911,2307950,2489631,2694853,2622309,2445125,2146717,1700482,1450092,1194289,1236098,1475312,1430359,1254315,496186,239037,828216,730938,817278,957443,322241,379959,768530,625692,1167829,2032015,2841124,4593079,5170480,3453300,1933453,566642,-1028947,-948989
182983,2625734,4132802,3642555,2923866,-589121,-757319,1724915,121457,40828,458212,-1443180,-1961796,-2076409,-2278817,-2417620,-2604974,-2721818,-2756860,-2841514,-3093983,-3129617,-3205294,-3553253,-3737239,-3763199,-3931698,-4246769,-4217473,-4223554,-4544173,-4397492,-3873908,-3683386,-3216759,-2399578,-1685261,-902182,-256093,397262,942121,1070047,1361309,1565404,1375068,1232643,1276728,1384890,883978,894528,1268559,1094344,1198336,1224049,1208205,1232637,1329249,1216834,1037041,956212,1142398,1102943,801418,922258,1105443,1051528,879830,799652,884579,798508,924905,1154331,972479,897597,1520692,1803659,2115385,2148295,1813743,1841618,1447614,1335456,1473692,1164043,724852,1163970,1552633,942718,1003097,1191924,1372332,1113219,1343540,1550170,1089835,1357193
986525,2463836,4658778,8186989,5846857,2115465,-1228862,-2337941,-262553,245452,423202,-809472,-437186,542005,-615437,-210716,-936628,-1973445,-1495828,-1693627,-2012769,-2145447,-2532637,-2602684,-2800774,-3190549,-3266531,-3306394,-3638243,-4103923,-3627152,-4401677,-3596303,-3722711,-3511574,-2790871,-2671280,-1395614,-1451484,-530079,163000,87271,996632,1685942,1926240,2322555,1626982,2207869,2122343,1519256,2002436,1338410,1684460,1695872,735025,1243782,1706953,1339928,968736,2925578,504989,123598,1681335,127245,1180721,807893,229081,986387,348999,393823,904044,700620,643479,1698591,2416386,1134206,1899406,1545667,117133,431825,-33002,190788,-464714,-588157,-940261,-86020,78044,-402577,-694696,-119688,-92733,-446708,-308572,-306246,181075,-309948
2833385,5925183,5537611,2555583,-118996,2510191,1519767,2027215,1153065,-2073251,-2285185,-2893329,-3131678,-3220987,-3373435,-3770546,-3924585,-3792520,-4117634,-3916331,-4136671,-4139784,-3799741,-3724737,-3478089,-3311598,-2535363,-2005964,-1214108,19170,868082,1671296,2418582,2824087,3314754,3476886,3293788,3010892,2875205,2490021,2045056,1901330,1690957,1671358,1272839,1350767,915173,875227,833258,582480,747344,468792,459020,453930,474546,108526,120566,294847,17051,-28065,89517,130159,-121592,-116731,131347,-316705,34441,68923,-298051,-92180,4090,-48738,-92259,59247,-78308,-23396,8637,13078,476664,794861,849477,418421,611706,-58300,-416673,-358064,-596561,-315861,-549463,-466457,-569970,-136667,-322949,-208762,-151529,33414
996726,2816712,5840215,6056094,3250622,-850163,-51104,2215792,1603736,2097804,1297977,-551765,-1201051,-1434052,-1793665,-1828335,-2043949,-2239825,-2107304,-2425336,-2559980,-2740419,-3030165,-3043195,-3486943,-3677542,-3682075,-4041269,-4347989,-4467915,-4535285,-4551284,-4224316,-3638313,-3087038,-2347799,-1423023,-516011,361607,1022396,1514550,1843319,1798720,1876316,1951312,1568161,1417991,1500995,1454954,1364329,1375749,1462500,1514288,1561975,1445149,1429635,1479105,1409474,1396948,1272185,1439942,1130500,994977,1174079,874859,909588,840519,675200,733553,703450,477534,406156,476939,368090,728778,1299776,1422846,1190535,948406,831849,459540,88956,18664,75426,-130545,-208733,88417,-108752,-142246,21328,-40399,-121533,-163079,158625,168985,-62460
1403470,1342520,709169,598340,-275286,-604554,-708620,-1630633,-1518581,-1486695,-1889181,-1943675,-2529513,-2525658,-2705497,-3130263,-3081853,-3397926,-4119184,-4489031,-4688348,-4595352,-5073139,-4998247,-4897440,-5052311,-3624045,-3162753,-2383833,-1251561,-891886,103048,711638,1248053,1708259,1076830,1553861,1732838,1093956,1458391,1345825,1209609,1219815,1314942,1342286,1328762,947822,1583513,1344022,1101807,1396252,891652,1194564,1337497,957192,380797,1004429,973610,778313,1197266,333081,1095524,1188753,128094,995003,732603,508305,1265779,1280409,1638688,2121698,1206732,710039,1265459,619795,443641,877450,185605,381089,701177,58036,616590,690990,-64235,802016,462061,440919,333930,570541,861425,2227506,5332569,4597364,3245340,1893716,-682974
2505946,4594434,5123918,4195963,2107614,383749,1764993,2759562,2266621,2828999,2406301,666769,-829792,-1096713,-1233137,-1532362,-1699634,-1880912,-2032002,-2436206,-2563796,-2692909,-3086684,-3484022,-4077224,-4276311,-4572036,-5062987,-5133340,-5127296,-4818040,-4410574,-3936527,-3228497,-2393908,-1704149,-1038248,-367406,157162,629587,847136,975024,1061152,1201138,1083705,1084765,1073244,935437,971548,1002010,1061448,1096969,1029485,1160957,1215099,1071390,1209641,1171422,1140438,1144990,950229,986208,1080735,819826,843123,837693,702085,823324,591549,654290,728436,737525,1081061,1263079,1365647,1326694,859801,773564,657602,292292,196442,162247,262841,126756,174219,115311,129950,181760,137599,6773,229709,125831,84836,145161,374447,957448
425805,969049,1569441,2090775,2094116,1781518,1836486,2116636,1694639,338243,-878828,-944052,-445143,-702942,-1561405,-1765541,-1254543,-980300,-1145205,-1457123,-1795872,-1901299,-1785538,-1608931,-1048786,-561966,-1282646,-2394796,-2321198,-1922698,-2334878,-2357831,-1323129,-875714,-1758633,-2376954,-1941861,-1735151,-2300230,-2707933,-2900598,-3359361,-3471093,-3037066,-2955637,-3155180,-2853540,-2329317,-2077571,-1813491,-1395321,-1115137,-957165,-615549,-101365,300340,562976,785354,916708,1091144,1354665,1306445,997415,975849,1077368,913462,863334,1062423,911591,451092,445228,811544,700147,249031,418956,1002971,1093874,863732,711474,488281,528683,908391,750026,374841,791406,1199680,1045832,1558449,2860595,4152875,5688577,6857439,6439104,5276468,4049349,1854692
978936,1056179,1653959,467530,1126807,91338,-547652,1684340,-292601,-1283797,-680360,-350680,-441537,-2008852,-201689,-653748,-1559395,-1831242,-2269746,-1340771,-2980973,-3952689,-1582253,-2720661,-5328819,-4849299,-4227065,-4756801,-5488613,-5056423,-4576053,-4593656,-4539244,-3620976,-2454318,-2661882,-2391605,-474061,625684,475751,819792,1500767,1614893,1815349,2265527,2190623,1477227,1782551,2553960,1594065,976926,1912777,1961194,1329840,1249150,1481178,1914347,1735771,1283961,2000783,2046008,1321202,1132346,1010268,1386090,1646922,1732356,1342442,581952,1067692,1466260,1560737,70517,987129,1624475,585643,933615,381803,1445267,1309462,-205089,1043250,734000,732614,681434,1254004,2101292,1414340,1550475,1134272,725267,1631014,520362,8983,891695,246157
315798,3474129,5676501,5596680,4533306,951230,-2358892,-74985,1508565,354839,1102944,1351828,-67525,-1369716,-1357780,-2094104,-2070709,-2589502,-2451349,-2375199,-2687378,-2521363,-2825589,-3084065,-3483177,-3634894,-3515244,-3613121,-4103674,-4392487,-4187164,-3958229,-4094325,-3341581,-2939051,-2843765,-2010885,-1013562,-93586,275653,731769,1370395,1946739,1894768,2035257,2143573,2258737,2040676,1950311,1780549,1612336,1585905,1375940,1703908,1520129,1271789,1130010,1249867,1606607,1367261,1219540,1068599,1288756,1444522,818993,643852,702739,889826,768598,350928,865808,1128983,795774,1142521,1581544,1508414,1052900,649871,513791,392298,47623,-400350,-186835,-75464,-284409,81623,-241620,-477267,-269337,-339596,-29829,-211205,213725,25770,-218324,972141
-330069,1545561,5242120,6400769,3414230,-756936,-2573121,-189351,967508,553536,781977,229740,-1294013,-2601710,-1337138,-2488761,-2472224,-2730831,-2080495,-2106344,-2712692,-3038080,-3598469,-3002546,-3143808,-3268710,-3893908,-4225941,-3638370,-3410984,-4030497,-4315479,-3537409,-3071439,-2908229,-2317526,-1265111,-595206,38860,649692,1279573,2493542,1873240,2065112,2516637,2384082,2386099,2357222,2131865,1993342,2110497,1872984,1370741,1859049,1989394,1139066,1792638,929232,753035,2187896,1735727,627522,1030476,1306178,513271,1080995,1068145,540308,1141865,219510,639185,610777,128986,1025171,1009916,1602234,1213956,1372921,1213833,-120882,710838,277025,161268,-123691,-160954,-46352,-338318,143982,402966,-107507,143957,-36188,34624,312580,-55168,346997
1376921,5115908,7903528,5252978,4364379,1232848,-2207869,192687,2080681,500668,432421,1162397,-1007829,-1276244,-1323791,-1574918,-1909582,-2463375,-1998081,-2462054,-2568706,-2281868,-2731831,-2889736,-3329537,-3601189,-3573904,-3719570,-3785713,-3425803,-3880836,-3705591,-3460392,-3006061,-2192722,-2011396,-1365425,-618488,179351,791498,969574,1613942,1905651,2234409,2122050,1852341,2489684,1873937,1527720,1982151,1255353,1166472,1447233,1315679,1248577,1183602,1539546,1338383,1074689,1357852,1589074,753289,1243772,1202166,378313,1142904,692251,548011,730294,331395,436942,303531,638671,1214749,1231084,887676,1415920,688465,-203305,92786,-266844,-241037,-590943,-309823,-599437,147,-817895,-991056,-226401,-896725,-776111,-747057,-897215,-796151,-750127,-123911
2636409,5832116,6893621,5663048,1823498,1581755,3190328,2140379,2166364,1929344,8453,-907700,-912758,-1351988,-1692890,-1651393,-1886072,-2082542,-2327566,-2412638,-2668155,-2904784,-3090587,-3191121,-3395473,-3860608,-3705447,-4185043,-4488557,-4022179,-4167747,-3812296,-3714956,-2979679,-2086197,-1546540,-761802,23356,789417,960573,1434503,1638729,1686526,1631862,1815010,1532456,1227691,1375439,1261756,1270200,1125366,1116898,1333751,1113580,1173349,1152207,1049830,1032155,890142,969660,705083,746653,912949,713961,598899,488997,657361,629185,372822,338831,476342,316849,270464,673309,1172389,1278462,1135401,829939,445924,162743,130926,91450,-252022,-288372,-289890,-205149,-750004,-494267,-258593,-470132,-474929,-434289,-212175,-658335,-352410,328577
394782,1132711,4568539,7326964,4352284,2538087,-560623,-1817936,594324,839114,297966,194787,382536,-1448892,-1708598,-1993074,-2330059,-2504524,-2376857,-2479654,-2719483,-2823855,-2939704,-3205084,-3514822,-3526935,-3552627,-3623034,-4351650,-4095081,-4003580,-4293585,-4120863,-3645167,-2925335,-2777462,-1728890,-656378,-333483,604915,1015492,1711143,1957182,1824273,2131469,2254216,2055509,1984954,1791684,1542927,1507210,1381044,1436318,1487389,1186363,1170639,1188387,1228244,1223852,938877,1212707,1101982,950130,999433,744878,955713,1027862,804217,469687,698300,866432,221269,1158483,1675589,1402614,1709033,1210947,922988,735792,384765,488495,312189,54096,-186516,222619,484138,164739,124529,2980,87455,342528,-304054,-69352,461602,103769,271016
1121421,2414300,5589692,8761072,6117175,3101348,284415,-1329970,788291,1904381,1226500,573013,818514,186401,-790296,-1084564,-1435855,-1575389,-1740931,-1526756,-1926836,-2489264,-1758947,-2075290,-2930673,-2730497,-2982610,-3426230,-3462815,-3737995,-3947274,-4091275,-3786524,-3654564,-3086004,-2942658,-2410592,-1585165,-1184514,123306,97538,96203,1010807,1626100,1193680,1915929,2002128,2108524,2176352,1690459,1785083,1727940,1495497,1267727,1514285,1216076,1102121,1041699,1302425,1070799,1345030,1155751,696818,1621286,764426,325301,1259922,243185,-10953,345637,100992,95487,139777,483443,1265060,1493984,1046697,572539,297895,150107,116907,-312346,-671940,-426142,-789578,-832602,-395422,-1155630,-476242,-1132103,-486702,229635,-1442181,-663427,-907857,-804464
4280912,4239582,4038895,4895509,2461792,-949061,-1526913,-2040253,-2376166,-2743897,-2992448,-2889455,-3134498,-3437564,-3461867,-3433289,-3664870,-3766027,-3968565,-3905507,-4260311,-4232431,-3946575,-3940158,-3569647,-3437068,-2874254,-2253455,-1626926,-683254,222258,880470,1169807,1387735,1556182,1612295,1861707,1951637,1872312,1731984,1495760,1331419,1219299,1171490,1088158,1145523,970508,811809,1045530,961541,803994,969802,1093209,1138534,1477336,1700515,1764312,1787723,1449307,1567349,1662334,1729923,1538379,1137099,922520,373683,142457,-89078,-14248,31558,-102788,-198609,-239107,-2436,-175851,-197062,-165148,411,-183945,-195966,-121002,-126708,-119987,-244150,-52259,186459,241767,139784,218020,500737,642165,707941,1583907,1820197,1757905,2849364
1228881,2384838,2706985,2801690,2636600,11771,-1789290,-1791146,-2001623,-1563852,-1901377,-2452218,-2574911,-3031792,-2860808,-3031932,-3486032,-3156350,-3516527,-3825422,-3463252,-3839367,-3437112,-3591511,-4192201,-3585738,-3512239,-2602634,-1981160,-2068191,-1430202,-381305,86287,565502,1025241,1066641,1707928,1896953,1764407,2095299,1481731,1362824,1637608,1708911,1832070,502243,2052818,1779485,585434,984554,1161619,1563891,1132847,1398953,915941,1303967,930582,783080,999168,811592,1625885,793509,285473,405527,451542,1443496,1814323,2315271,1113711,440116,986510,281613,108116,1058264,-225963,-589154,-205477,-18903,174799,-569401,-362573,-327792,-121175,-412736,-747730,-503685,-59046,-525468,1065398,2921622,5112681,6102846,4138830,-102156,-3202964,-505455
2096538,5853505,7666513,5182020,3060622,698718,1154464,3078433,2544146,2267802,2089938,969651,-758138,-1056769,-1204661,-1310547,-1494694,-1839731,-1810077,-1990102,-2289855,-2421001,-2423772,-2593566,-3018524,-3214641,-3251795,-3559777,-4045453,-3954949,-4149974,-4163882,-4127312,-3936661,-3377026,-2983798,-2185361,-1367159,-811058,-51883,717029,1113182,1098696,1508569,1755723,1552590,1588416,1485615,1419988,1257504,1109433,1298300,1241113,1050819,1072147,1171852,924297,1017184,1052549,966695,838610,848190,852055,795180,675999,592155,744180,449248,393904,609949,344936,229640,318915,418050,628469,1017022,1264603,1272383,902153,484734,476084,108101,-224871,-200593,-329665,-411355,-231118,-416738,-458747,-473485,-605181,-335625,-508672,-651593,-555408,-533395
3389703,4403446,3749522,2785148,1592546,483091,-379001,-324107,64815,-157612,-706471,-496023,36588,65153,-250697,-893595,-1652301,-1747255,-1466292,-1650205,-1927061,-1782116,-1722319,-1976436,-2009212,-1903233,-2110257,-2361334,-2572340,-2882686,-2856541,-2716776,-3062604,-3376872,-3398589,-3545685,-3609276,-3527312,-3564445,-3453213,-3224672,-3185680,-3020112,-2593071,-2248627,-2014159,-1736751,-1313896,-812160,-530372,-333574,53982,295852,358484,646053,868729,785107,886125,1155177,1085525,869583,969505,1192481,1140907,965275,1014116,1118781,1011679,935061,959378,876465,990096,1315255,1243687,1024191,1199187,1485124,1783754,2081365,2061799,2111920,2557569,2841140,2884679,3047776,3074755,2887257,2918494,3013398,2654782,2396047,2782742,2967053,1693717,244297,76577
618172,1805504,5073404,7239479,4237569,-39971,-2083226,-223406,1147428,788127,991476,574147,-497465,-1976220,-1436614,-1990440,-2180073,-2451512,-2498419,-1899861,-2736123,-3012936,-2996185,-3380791,-3392966,-3622258,-3469345,-3910660,-4285955,-3750038,-4161399,-4493454,-3063405,-3770361,-3099791,-2581445,-1673991,-48838,-986167,326754,1244182,1663621,1852889,2070590,2387367,2060082,2099294,1744066,1908386,1774710,1354388,1461244,1452649,1715631,1051008,1212258,1345509,1369707,1000936,1031896,1608783,1121677,898563,1057870,771750,567662,742220,764963,346533,523249,499662,716712,637618,1387803,1960602,1243837,1209782,1003974,797803,817461,115608,101783,49759,38650,788591,-10423,-338289,171539,251373,-500908,410238,164596,-329149,340914,-12967,1191005
1217897,2300808,3657551,4778091,5011118,4924986,4075265,2679078,1370309,171437,192960,569685,-469160,-669596,329964,69766,-580082,-871301,-1484152,-1635521,-1481326,-1739094,-1852046,-1647421,-1703271,-2431929,-2941190,-2398939,-2412978,-3418896,-3518073,-3191310,-3671512,-4175289,-4375269,-4347752,-4008857,-3868120,-3830858,-3575122,-3339702,-2953128,-2238129,-1535951,-1287751,-1307900,-634498,243716,116207,139341,887769,950493,643181,753333,775122,803235,989360,967006,783775,615012,599167,711958,760666,808970,786536,690554,765342,770499,752357,1093927,1320678,1336824,1719916,2158218,2245683,2203206,1951602,1495545,1430742,1531332,1268180,1379743,1657133,1250671,1055504,1079738,760226,878521,916120,482902,643128,878307,593655,601188,691320,309605
799515,1328609,2101980,3190350,3908869,3759704,2896492,1796930,553362,-320463,-273393,176286,71463,-387152,-518388,-402375,-214666,-211376,-799781,-1324065,-1271021,-1343179,-1476847,-1326430,-1559957,-2031817,-1985277,-1765607,-1788084,-1919135,-2245278,-2731775,-2924056,-2792608,-2860999,-3239493,-3517072,-3600802,-3674073,-3676501,-3655465,-3819617,-3842829,-3357842,-2813151,-2562656,-2357699,-2165325,-1962132,-1461410,-784500,-278638,27396,288625,644564,1006580,1219299,1424324,1659932,1710941,1636582,1632491,1703867,1806518,1787482,1650945,1673371,1736506,1689676,1691843,1574787,1487618,1721952,1614288,1252430,1593334,2021316,1835843,1730352,1817829,1788783,1812459,1878117,2126029,2402021,2183222,2210513,2830071,3012328,2726806,1998518,742340,-79257,-1277950,-3091351,-2243972
659615,4010499,6151692,3311093,2834839,58907,-2649308,68908,838943,-420765,137455,439374,-1458536,-2113410,-1977116,-2364573,-2296702,-2296797,-2725305,-3054188,-2812058,-2644368,-3233245,-3561463,-3467989,-3528391,-3917625,-4229419,-4086247,-4338486,-4479166,-4165964,-3244694,-3530810,-3166017,-1822078,-1683432,-689391,-284448,295749,1394223,1080997,1834893,1491801,2118710,1773914,1357294,2457304,1151421,1664423,1646553,722835,1649435,1018642,1428443,1265056,1311604,1155462,1169968,1244180,1334236,1762674,758956,933217,1545198,706466,1158558,778300,777321,1426608,170850,954952,943532,912649,2180414,1331013,1975406,2257588,845199,1055084,845560,394516,299082,433836,356193,375647,991419,452890,-3273,547373,696266,410639,579303,838055,773805,698226
658966,1638007,2527002,3218493,3937049,4526102,4410252,3518831,2450889,1446068,341745,-473679,-555705,-374419,-455392,-501434,-199539,140893,93824,-403488,-1095803,-1578551,-1600910,-1421742,-1484773,-1756915,-1881174,-1878367,-2018814,-2275838,-2471879,-2596563,-2750755,-3046316,-3442072,-3743082,-3926601,-3965001,-3730364,-3586549,-3861586,-3963193,-3619168,-3469693,-3391526,-2796058,-2246284,-2208840,-1983285,-1359148,-972978,-923363,-792748,-376938,142694,356036,277580,430770,837102,1041089,1074832,1176613,1264846,1376826,1560870,1559901,1402563,1416787,1517599,1514601,1619369,1860568,1860482,1628337,1599974,1701935,1445420,1012925,1125928,1739254,2024555,1866527,1902392,1996671,1638220,1342577,1509159,1452944,1130170,1283632,1543666,1197891,936522,1408341,1652518,841724
1366796,2594249,4423832,3004051,1649831,-963557,-761892,-1169210,-2508057,-1730087,-1648715,-2576752,-2769442,-2900557,-2755056,-2744959,-3135738,-3490741,-3477177,-3785496,-4011287,-4885220,-5262875,-5109802,-4723331,-5456571,-3720781,-3498204,-3271361,-1385133,-1832339,-730881,-146747,-319353,-230393,687895,444391,-15558,813198,293807,440918,676608,933691,811766,1004348,1302479,1214704,1467188,1922475,1447791,1653973,1837737,1743037,1674367,1570618,1154584,1181192,2057792,966067,1309454,1319927,1363094,779889,1448755,1069075,1213528,941698,1052150,1156505,1087327,988512,1239121,1102003,1189292,1260074,1258228,779989,1634758,1705431,1713737,1797647,1213021,1668917,835005,978480,1085091,736250,712294,582056,1404942,821393,1062577,-215118,613569,951986,817229
1123677,1259898,4437339,7021415,4288985,3023228,219867,-196248,2266234,2085085,2087827,1845124,1528066,-753563,-1813815,-1475451,-1873433,-2096365,-2284928,-2246997,-2265048,-2797299,-2882810,-3142030,-3167062,-3319114,-3820404,-3547783,-3836571,-3914879,-4116100,-4050390,-3643200,-3930951,-3477779,-2529872,-2072905,-1413118,-657485,100938,773531,1180981,1506820,1887615,2197671,2187253,1886459,2155733,2152450,1913948,1308382,1626986,1888597,1082284,1764062,1211698,1119926,1680147,1440579,1218174,1043597,944136,1091903,954105,811943,639222,449748,424222,519347,467591,-83975,441045,209944,1070445,1201010,1017163,2449805,1571573,94256,-139828,-176298,-92893,-454825,-399731,-326735,-723788,-340071,-98594,-921493,-701866,-394862,-536648,-319187,-512404,-730045,-593194
3079495,6824020,7548720,5019275,875302,2247002,3535511,3298697,3583773,2164432,111304,-1066188,-990514,-1479591,-1648907,-1977961,-2230040,-2449996,-2424012,-2709772,-2976092,-3114364,-3412832,-3779213,-3922357,-4137216,-4348799,-4308781,-4033997,-3693195,-3280949,-2460875,-1355541,-627404,71023,919738,1168988,1754982,1808148,1810520,1538760,1557898,1494340,1191159,1160349,1341568,1113126,1093290,1022411,890772,613835,870239,775217,318255,398442,421178,203863,78882,236011,69705,-49646,105160,43949,-199403,-83805,83159,63442,-272958,242339,-29856,-252094,147818,-27534,-133242,-125974,422784,263414,754173,1019484,468068,491768,592292,-284808,-392752,-229583,-429990,-243341,-359578,-322925,-542146,-183366,-142776,-217349,-214861,-45153,303655
3042703,5362593,4177269,3116571,3639599,2806780,551034,-240895,414036,884590,1227523,1308042,951626,1146615,1147340,-53312,-837227,-765080,-937516,-1048471,-1078195,-1455319,-1686707,-1506688,-1340031,-1519118,-1856978,-1948286,-1816578,-1833274,-2033466,-2125412,-2209252,-2406586,-2426500,-2386241,-2548011,-2682197,-2744555,-2782872,-2728862,-2728263,-2754505,-2830960,-2969349,-2900117,-2971747,-3048995,-2370931,-1768546,-1659518,-1078668,-473815,-289944,184432,774991,997870,844608,467269,333495,489721,610351,663359,565323,391394,397249,428577,330565,234112,163706,78654,-17178,21297,196130,88533,-119337,90233,328726,320515,303787,219156,264370,421854,367210,401090,456452,547299,1220702,2275164,3884203,5758545,5912299,4742362,4499182,3899770,1028626
2082704,5672468,7284126,4640297,950629,100230,2012343,2502027,2112801,2078951,1212574,-41424,-1026880,-927542,-1226749,-931886,-769272,-846829,-1291132,-1748589,-2149587,-2519242,-2886271,-2963735,-3120170,-3760398,-3889518,-4348823,-4376616,-4209872,-4514048,-4387451,-4259659,-3949625,-3297953,-2738591,-2101445,-1117827,-211124,213187,889262,1367632,1618353,1917620,1686786,1680392,1448782,1279705,1487146,1365223,1312483,1331748,1316697,1419812,1553123,1605758,1588548,1324081,1154237,1195782,992021,802675,837149,709294,527697,496643,440817,418967,409746,326385,391595,320109,122308,306265,719964,926285,1341376,1349304,943233,871358,505075,237239,89882,-244202,-187786,-134811,-277730,-346759,-258128,-559599,-656011,-416422,-251562,-161437,-304959,-79227
259577,5103338,5793140,5024699,4490553,-877237,1084113,726327,-50476,1253718,-860572,-2875573,-2648019,-2812425,-3018544,-3569932,-3218593,-3327745,-3708711,-3735532,-4247203,-4202547,-4620666,-4798759,-4415858,-4575267,-3933428,-3605174,-3000843,-1766246,-1263918,-569741,90623,898493,878866,1069261,1545843,1366053,1064371,1150082,1017763,927990,879762,882887,931601,1030716,733636,933078,640549,670845,717106,441956,401282,748213,299110,406327,640939,171707,265633,197376,301573,71672,299445,144944,475530,86075,426296,307096,203258,676153,82798,589560,391229,1106371,649020,463871,842552,1596950,1770053,2090127,2141668,1892721,1262499,989840,957310,385070,456129,635785,580517,478380,870511,835750,288701,552882,1249685,813453
3805987,6536490,5681906,4801118,1566153,719965,2904926,2576044,2527405,2858337,1528371,341745,-16893,-468121,-904207,-1014017,-1146529,-1797181,-1994455,-1970880,-2249427,-2852386,-2813089,-2946648,-3597522,-3689765,-3951927,-4089463,-4578337,-4567485,-4514211,-4396381,-4301368,-3780544,-3077682,-2565422,-1648448,-815138,-148612,332858,830794,1259884,1069278,1195180,1431235,1093161,900944,755883,817251,882705,797190,756589,669692,831391,802844,849014,1232435,1247810,739958,1246906,1105045,1066726,1138197,793999,922856,694659,657657,936733,902534,390744,457083,341411,480478,615701,825630,1161991,585966,593399,154919,-376658,43219,-318282,-61321,-201439,-164706,349759,9110,-455770,197816,210161,-315177,61679,184138,-5080,559409,762100
2450655,3893017,4518390,4869221,4019060,2547790,1104829,648417,1295616,1605267,1451279,1743938,1800469,794218,-458918,-1148400,-1212762,-1196137,-1733141,-2184861,-1675563,-1663867,-2457025,-2548273,-2737782,-3174525,-3053108,-3398987,-3800140,-3699409,-4325947,-4793909,-4421297,-4451175,-4431604,-4062111,-3766638,-3183601,-2971667,-2523296,-1015430,-517980,-450594,373300,321423,726711,1174858,905419,907916,652299,975408,1695399,1593367,1154093,1025197,1518616,1574821,1323315,1505378,1298630,998868,1311581,1357191,1119014,1616960,1695501,945698,1206749,1477480,1271339,1536438,1289311,1642665,1893474,1219903,1359020,1515956,1140980,583946,244845,265195,332539,565516,-37764,29180,424572,-373326,-99351,-188939,-648292,-60216,2181,-65956,-48480,-20168,86221
4431389,6792788,5363764,4856316,2104112,1781873,3422399,2986929,2759542,2095567,435812,-882978,-975246,-1268549,-1358385,-1716263,-1888479,-1880642,-1980985,-2272447,-2523596,-2569035,-2784467,-3206692,-3365717,-3502506,-3949010,-4012803,-4121321,-4322980,-4223525,-4166343,-3758667,-3313655,-2787213,-1880135,-1158416,-545417,107990,701124,1105213,1341804,1528718,1556832,1461497,1482239,1297751,1243785,1276643,1180444,1265569,1127946,1086583,1250525,1099597,1062714,1051159,1009984,1000617,764378,899811,876614,698514,594477,551647,523467,337576,407401,342460,375069,161082,131575,590845,923773,1004114,1063667,744665,354942,231666,45149,-179918,-273229,-243834,-377636,-348798,-298576,-235519,-174813,-333239,-131468,-121538,-322372,-214397,-232613,355123,656183
-407714,-2308366,-2771573,-1708932,-714536,-805749,-1307570,-1346806,-1158814,-1224210,-1413783,-1485986,-1539730,-1608750,-1553344,-1461733,-1549564,-1774081,-1888584,-1865733,-1852371,-1948942,-2124584,-2338616,-2546389,-2684785,-2706466,-2723949,-2953095,-3338089,-3532083,-3395525,-3267050,-3386521,-3537244,-3457698,-3256106,-3061603,-2765634,-2357466,-2062498,-1923309,-1606880,-913931,-130727,309245,437999,627202,1009781,1295701,1367366,1469200,1729877,1932600,2040278,2263342,2474053,2316000,1935490,1822038,1944148,1943467,1852693,1887209,1887279,1770596,1836015,2064819,1910949,1352013,1145553,1570363,1897503,1603792,1189282,1323616,1916138,2432661,2621416,2638367,2713251,2831664,2728619,2282297,1817881,1704522,1792119,1717672,1604275,1837322,2277300,2400647,2143256,1949989,2021402,2126851
1532166,2002055,5849801,6783067,4510183,1902302,861817,1766891,2076569,1920743,1277481,525953,-897071,-1534060,-1417174,-1942287,-1977879,-2093040,-2150563,-2326602,-2664970,-2475034,-2963839,-3206521,-3085225,-3562634,-3484906,-3661015,-4083694,-4063246,-4398544,-4394270,-3891039,-3871526,-3728576,-2521995,-1577775,-1048333,-78879,669762,1292224,1571987,1833417,2106862,1876644,2058349,1874902,1450660,1358916,1233640,1401593,1393038,1103977,1149198,1302855,1175857,1039385,1020165,1347830,1074042,837219,1052466,941623,752503,761695,758402,420646,538193,744396,342702,474875,298026,108667,711582,513956,1126231,1692676,1335807,1137529,762437,797353,190642,-126275,140426,-327118,-439853,-55687,-479515,-547489,-336918,-220020,-338640,-424898,-265328,-245574,123631
1245738,2419534,5463438,6703734,4324138,405398,-822413,1624794,1560527,1107897,1272880,158877,-341057,-1589022,-1733690,-1897226,-1813820,-1944551,-2269625,-2134702,-2130050,-2550418,-2843197,-2853237,-3151307,-3520944,-3657339,-3811904,-4120556,-4176340,-4499464,-4388623,-3958639,-4039794,-3580331,-2979658,-2612064,-1863102,-1001931,-207711,396335,957550,1434220,1887643,1973444,1991193,2094914,1990144,1735275,1639416,1492937,1359453,1452539,1184489,1037252,1365790,1230804,823592,981662,1250299,1013817,1096948,1077420,909704,705932,659522,872923,586612,448800,559139,911722,325880,444607,1289707,1503172,1831702,1588121,1089558,1145110,738619,523566,413009,192213,441425,-31995,200030,255975,-60470,124072,133756,131110,106683,-8367,114359,359953,232484
4277000,3949429,4004151,5183182,2344907,93194,49875,-388944,-1764186,-2539324,-2443104,-2790402,-3042006,-3400411,-3205606,-3473883,-3879581,-3029220,-3812930,-3685763,-3250630,-4296267,-4335698,-3673027,-3963421,-4068824,-2920064,-2677063,-2033356,-1706110,-1120065,391114,396184,1107001,2131860,2069803,2177126,1898059,1621415,2454736,1109622,1377971,1422140,1086136,1135933,987566,981338,1256472,993795,1054669,1383734,805586,1430646,1585540,1288401,2066309,2219037,1785881,1129823,1892669,2072176,1372979,1224404,461899,351754,-16458,99351,-276334,-127482,161817,-609551,-202325,-368249,-370857,-548373,-632716,-330708,-337757,-577094,-788922,-225077,-135643,-430412,-183873,-181151,-186239,189785,121940,736,562898,1174318,1106151,1069552,1419870,2618604,2878566
980165,713250,736918,1698460,2712516,3635485,4535914,4491023,3484441,2350156,960157,-373344,-472377,68175,-245085,-870140,-747402,-526358,-769983,-710463,-171665,-253814,-1231144,-1860008,-1621513,-1474645,-1824901,-2074536,-2163460,-2497096,-2832144,-2758428,-2532080,-2514951,-2625430,-2895389,-3516944,-4012187,-3783422,-3436339,-3780393,-4187492,-3810198,-3172556,-3069937,-3270215,-3195883,-2803889,-2328140,-1885842,-1542034,-1302657,-962634,-403612,114961,428415,679459,861154,947381,1162040,1492726,1633948,1601937,1631022,1715010,1788473,1821967,1722229,1624210,1716162,1760860,1652768,1739081,1900241,1656450,1241916,1070324,1023524,1164339,1600010,1907036,2017208,2166419,1877456,1138831,1015109,1419002,1247630,952132,1513625,2062466,1576024,1043720,1509695,1911385,1035722
1347956,4121369,6091727,4905956,1660024,333814,1940448,2582602,2477434,2872868,1825621,-361668,-1496836,-1400644,-1848727,-1846671,-1964544,-2184305,-2456141,-2277323,-2359051,-2765318,-3041121,-3056309,-3100810,-3513542,-3625999,-4198526,-4312510,-4403852,-4502360,-4242189,-4209304,-4209782,-3354748,-2616643,-2168987,-1226853,-499130,102310,573735,878343,1347942,1434449,1474713,1641502,1576554,1339665,1225416,1403377,1332545,1242922,1320190,1333549,1258106,1084306,1301047,1149588,1239205,1021520,1073382,1075437,870818,813026,672266,932663,733088,742019,982888,692478,850380,897418,861511,1236117,1610288,1811136,1301761,1103320,922257,288946,238027,228458,273668,128446,164805,163219,167742,-228741,138088,226886,-99342,-205880,-44625,194385,253107,733645
1063067,3433110,6616021,3649635,3800963,1294343,-2904326,-534082,1052393,320985,-157846,228249,-419461,-1500553,-1980514,-1669923,-2040427,-2319176,-2370579,-2860059,-2476861,-2831767,-3366353,-3126193,-3436911,-3571094,-4144228,-4089683,-3901831,-4913166,-4157349,-3320246,-3873551,-3527408,-3063580,-2721443,-1170063,-798946,-653061,740627,660703,1313273,2138588,1705378,2168106,2150663,2165193,2472026,1561106,1714298,1847334,1213113,1653451,1335068,864857,1296541,1346171,1342332,1025762,864052,1419095,1098686,1047464,713974,764768,1137026,793483,965321,482547,1036551,702119,335144,1411251,1625324,2052241,1721535,1168729,1467549,1059333,643150,358867,242950,275681,337695,20927,227872,102614,-30097,66806,291946,373850,-218991,212494,442630,86959,425783
1249732,2755068,5759832,8806245,5704066,3597029,334074,-1180162,1968002,2135092,1461594,1593536,1566704,53287,-833573,-1452487,-1410625,-1480435,-1755282,-1791184,-2184461,-2037995,-2507986,-3016851,-2668281,-3068815,-3234692,-3286407,-3694455,-3864683,-3432374,-3758107,-3803907,-3175302,-3142259,-2691562,-2116589,-1329758,-458763,-133533,378976,843648,1432836,1243338,1971392,2056997,1622963,1835470,1632351,1669310,1432848,1136953,1343418,1067925,1047084,1160833,998109,1272202,1133635,1096991,726926,884222,835119,560911,755731,624811,451853,236607,491615,136110,180366,241786,846747,1355833,1120528,1202748,740356,552683,193059,-360193,-337016,-523044,-259210,-878880,-671557,-473197,-874885,-621709,-900394,-781952,-811361,-1113413,-801222,-964310,-999548,-617128
2561696,7385282,7607656,6452922,4269165,-285062,2572018,1560377,439099,1374075,-441172,-1735257,-2149883,-2309648,-2145349,-3067555,-3013070,-2959959,-3508714,-3921400,-4186848,-4435665,-4609564,-4305498,-4332306,-3685074,-3472122,-1842437,-1584878,-1083501,209418,162991,872261,889601,1453786,1422167,1004141,1303711,1218895,524041,867680,732418,723226,612749,867567,191460,1009352,402315,681082,-113364,551021,259046,61480,83936,323155,295398,-264771,13135,229967,65899,-68881,-11759,-94315,70828,-64219,-12555,-75336,49335,20984,22783,105548,96743,141495,16372,229373,111243,-31124,603384,1393931,1500296,1395176,1668255,748452,327361,-30310,-123299,-308268,193522,6021,-440498,-12404,-209763,-85398,187169,209359,669408
1637830,2811869,4117294,6485467,7803291,6346930,4153441,2115477,-186561,-505947,809999,1242220,1375571,1688054,1168548,634673,915750,768048,-110964,-576493,-800860,-1131312,-1089483,-1140328,-1560873,-1683112,-1496388,-1524774,-1868635,-1846588,-1578681,-2085960,-2384619,-2128641,-2871223,-3113802,-2143647,-2616126,-3589273,-3200899,-3101347,-3540725,-3326065,-2859599,-2915594,-3324548,-3178296,-2426778,-2152255,-2315726,-1725340,-768824,-655411,-445894,427408,607076,445158,823929,1064125,1241988,1597451,1560594,1373697,1496153,1682894,1560729,1183139,1074134,1157906,1047517,1044803,1008384,682775,682377,931150,900564,785860,600802,442200,630615,775572,587374,404708,436128,517970,421024,303329,394034,318605,-161038,-201596,423300,455645,-369762,-493383,31789
606373,919631,3896196,6666931,4021643,1016037,-1447919,-2047082,630395,1435641,-110753,74023,640409,-1666634,-2571827,-2244672,-2507804,-2603173,-2224318,-2636252,-2769359,-2717765,-2940943,-3322626,-3527638,-3508732,-4096476,-4148043,-4000885,-3481990,-4125094,-4058516,-3453516,-3673611,-2994610,-1970605,-1624799,-851356,-45428,642837,1179456,1269006,1930682,1916166,2507696,2189083,2146535,2421141,1869375,2143535,1770352,1577454,1634418,1430688,1684211,1042623,1317344,1404083,1499691,1391009,738304,962574,1481269,1265313,738427,482800,812262,579378,872223,1296428,-133680,1774753,1882418,1676839,1869503,1516512,2157291,882042,629615,596590,-116850,364118,-165124,-13835,37281,-157247,128490,-202983,77886,-274096,-165167,455969,-133065,-112884,260577,433827
-47363,430356,3659350,4868979,2626448,947612,-1247838,-227741,1130746,485398,529093,-195958,-615250,-1996046,-2290921,-2473438,-2675130,-2771388,-3067984,-2646226,-2737183,-3383663,-3379599,-3284694,-3044437,-3714966,-4273296,-3688203,-3960156,-3703158,-4132510,-4251977,-3828172,-3692776,-3173132,-2971481,-2768958,-1965462,-1259894,-433578,18768,257338,1350129,1197241,1336845,1572446,1712476,1464235,1359108,1614003,1611658,1778856,1327782,1371494,1790866,1600773,1554236,1672259,1775408,1726746,1426071,1666466,1745595,1602464,1396844,1515588,1643288,1076992,1306663,1282947,1235804,1426842,1263277,1612661,2069844,2114182,2163195,1765429,1453588,1433782,1182209,919893,819409,873740,506650,567527,700997,521457,828835,685417,178564,328870,556775,331069,397768,531228
393287,-580151,-647610,-568000,-1532274,-374752,-847593,-2758653,-2200562,-2458941,-2569565,-2655841,-3309228,-3184862,-3402376,-3751990,-3509269,-4107444,-4552554,-3971524,-4442787,-4506470,-4387408,-4020616,-2892743,-2925065,-2568053,-1475728,-1081698,-776337,-16651,-127079,103009,509725,376626,792167,277691,257484,1230727,911840,581676,819702,896600,1135197,1189998,1329670,1279788,1263506,1050097,1278339,1502223,1395161,1468779,729134,961559,1549874,1098104,1080208,875952,633330,958916,605224,319947,347416,465545,745251,734540,498518,614942,1096782,1304029,1226420,1372675,1665788,1774934,1077321,557570,798417,667166,735623,930095,814635,1081144,367169,183277,872438,685047,842479,1449387,3104791,4658325,5500795,5429915,4058886,1750587,-63619
345102,2322152,4502510,3935145,3444815,884395,-2826673,-1204536,798703,-295967,-180882,471016,-477738,-1709410,-2138845,-2329174,-2485449,-2796658,-2466525,-2723801,-3309432,-3230804,-3442096,-3270817,-3423052,-3953930,-3802663,-3952299,-4118669,-4306299,-4219716,-4092957,-4004759,-3575256,-2808833,-2574095,-1959052,-941863,-534652,-268977,373385,1075528,899805,1642322,1385674,1619758,1972254,1544745,1522499,1406115,1668668,1287370,1152791,1586870,1070923,1124677,1056269,1426623,1844317,1031506,1062092,1494633,1260547,1490067,1416241,1144788,1376786,1182724,1071785,1249951,972903,1098153,1652901,2368734,2410574,2059948,1874899,1602540,1438462,867703,814427,1330819,658442,469956,991032,387214,745601,531301,249801,621240,675545,552598,428871,441896,832994,1201771
872448,2336130,4483309,4151652,1366538,-920264,831457,2011359,1826425,2570725,825392,-893874,-1402492,-1835273,-1923645,-1943449,-2196588,-2280637,-2316194,-2942575,-3115286,-3343518,-3901010,-4292352,-4571093,-4897796,-5436428,-5284769,-5376273,-5112141,-4578206,-3611349,-2480212,-1786624,-626641,416685,730884,1224139,1536782,1608864,1651166,1453892,1492000,1228556,1156444,1300849,1146544,1240404,1535686,1333203,1284058,1549498,1364401,1277953,1386905,1373670,1253121,1071251,1144840,981651,826456,1091853,807013,803769,900846,798333,743009,542220,908731,559375,579853,890972,558791,470431,695715,775878,1178374,1738083,1646742,1052107,735193,754564,492489,247639,380533,230436,116345,420072,319100,313942,389325,450117,312722,330432,737581,250763
2431337,5315028,6233414,4381887,872968,-36453,2559558,2561139,2235633,2831541,1428985,74741,-759251,-925912,-1789190,-1670199,-1556058,-1999509,-2161359,-2072913,-2333363,-2665733,-2723652,-2911761,-3176067,-3495058,-3741217,-3956375,-4293816,-4579782,-4518264,-4583757,-4390786,-4139464,-3498351,-2511167,-2073633,-1322603,-246728,293638,721124,1206351,1442221,1570252,1447113,1580988,1624935,1395209,1311549,1354050,1297108,1270953,1340980,1355714,1343975,1160584,1221546,1236053,1292250,1032417,1021709,1024621,819137,898291,888559,575022,544333,782454,546392,577790,644401,598279,482597,378850,999746,1367343,1265702,1227857,1288784,924162,420366,352418,-34333,28058,-153627,5682,100466,-187954,-142829,-25896,-24592,-167575,-108532,-113726,-171419,74649
2002547,4593883,7210900,6933973,5771453,1989388,210222,2114034,1677533,1403400,1576312,712230,-210632,-781763,-846556,-1284511,-1623993,-1310028,-1825745,-2028346,-2053195,-2402736,-2262677,-2730437,-3058491,-3000983,-3360161,-3545924,-3679003,-3648482,-4105490,-4152481,-3959128,-3928634,-3530674,-3017798,-2419904,-1393648,-830025,-376400,786455,1029919,1160512,1622807,1649507,1594641,1635404,1422631,1361191,1317275,1059889,1082425,1068238,929236,918038,1066580,1171030,863911,1060896,880166,833599,897782,698707,737475,507146,536306,455132,168688,285514,296072,354797,245769,430867,1051930,1205661,1194917,957324,609394,372761,-74081,-219306,133603,-13430,-619380,-227718,-203480,-374262,-430261,-260410,-247896,-607538,-459579,-398910,-671460,-135052,460539
548576,1215972,2200992,4168565,4931648,3298456,1971898,678914,-725482,-936600,-860004,-576320,-568341,-848664,-918494,-1447441,-1821408,-2048575,-2141995,-1922171,-2275736,-2302890,-2061152,-2273526,-2076545,-2253692,-2732524,-2484163,-2653465,-3341743,-3330361,-3276091,-3766669,-3770507,-3389085,-3610808,-3937686,-3652352,-3085873,-2815178,-2994453,-2934291,-2355169,-1864532,-1228785,-634454,-792110,-691436,239799,574080,367210,672348,1004476,1000974,701927,541227,877072,955679,1181233,1346978,1013710,1253660,1292002,1035567,1152199,1273678,1675453,1453644,1245640,2133511,2299330,2111145,2462684,2654774,2892978,2865316,2379824,2720397,2902537,2078219,2114681,2029468,1140202,1163756,1255824,1329358,1292114,884703,1259028,1322852,814592,975412,1148724,910496,1232278,1152990
1138961,2573935,5619291,5993523,3575259,-43166,-1445619,1974555,2320271,2256679,3659151,1635415,-455614,-1952542,-1454007,-1428500,-2275608,-2607182,-2009483,-2665722,-2778453,-2910311,-2908447,-3332541,-3560781,-2654013,-4276242,-3823596,-3655341,-4492084,-3454295,-4325148,-4255492,-2579212,-2878523,-2278012,-1445413,-780037,103357,609898,1465482,1596170,2006114,1855708,2779713,2352333,1797561,1737240,1615528,2208535,1397980,701557,1209170,1516339,1021132,908382,1540915,993561,1183906,618751,1215312,1049151,433744,1495197,706304,316246,797561,391725,-19839,337925,620474,16118,371425,865818,559856,2000108,1705176,527375,998085,731169,453568,-348274,-372313,150183,-425043,-524810,173940,-502156,-783818,-201297,-372325,-90276,-333996,-501945,-127310,-554045
1066860,1698034,3256475,4155899,3406486,2858044,2961470,2042171,406205,-553168,-705573,-396046,-278587,-705937,-891340,-608085,-626999,-980308,-1212163,-1467001,-1807393,-1816242,-1625521,-1756972,-1871158,-1735118,-1966065,-2283030,-2077565,-2018380,-2337946,-2487349,-2680325,-2887108,-2773918,-2925290,-3436270,-3516602,-3243031,-3134231,-3023340,-2815741,-2777276,-2722058,-2408624,-2200655,-2059385,-1450861,-910124,-1204553,-1340091,-251129,736602,389290,215659,1019221,1203919,847196,1121003,1230513,1094319,1513630,1436252,737363,916981,1499150,1451274,1273132,1266699,1368900,1520740,1441382,1506190,1836049,1770973,1780771,2422588,2662633,2302476,2473517,2932102,2879096,3100287,3768022,3016387,1452312,1952288,3139948,2509567,1797474,1478732,288816,-697495,-2035907,-3905556,-2597579
-365607,2837170,5644592,3489113,3530353,1113954,-2838932,-386015,950358,-414395,197216,935119,-660162,-2442650,-2092176,-2465206,-2423440,-2591519,-2945683,-2905025,-2946051,-2797022,-2993651,-3455208,-3773531,-3861038,-3828267,-3756191,-3825705,-4200259,-4214829,-3628187,-3643925,-3489609,-3062948,-2392255,-2065751,-1293078,-237708,-245545,493606,894691,1024840,1376525,2107927,1914888,1620802,2027108,1826934,1574950,1465650,1354538,1368300,1344691,1421516,1300941,1446521,1413792,1375979,1436598,1532267,1403698,1391577,1407496,1335225,1490232,1434780,1132508,946077,1232413,1060120,950219,1620924,1874040,1892898,2034252,1997721,1266341,1248967,1287195,501229,639733,585731,467493,29630,619805,697799,31967,653276,384234,206802,287497,277374,531010,39857,260509
1138312,4328626,5884547,3270447,332756,-1478306,-49310,1212356,877313,1127155,231365,-393470,-970909,-1422891,-1397961,-1525063,-1619208,-1848231,-1781937,-2658668,-2557563,-2377834,-2994617,-3280498,-3820199,-3666917,-4045500,-4478561,-4711027,-4646550,-4511172,-4888940,-4071451,-3234939,-2920481,-1972405,-1305744,-302653,689046,1195094,2095340,2029753,1747632,2559442,2256375,2003621,2281072,1809246,1544440,1799230,1637977,1766599,1704328,1372744,2122800,1788216,1286659,1741422,1565492,1170368,1539537,1501914,1377967,1223966,1322941,1245669,869881,1291292,1017442,914880,926235,739736,843592,672513,1471733,1245612,1473741,1379683,58258,438236,143163,-247439,-220240,-190112,-393171,-274273,-252831,-189394,-254134,-520015,-31048,-66761,-344541,-132315,-222353,3864
1188841,1243124,4510068,6924723,3687267,-229831,-2934890,-1257061,495481,383773,-228876,-780179,213408,-1909404,-2148544,-2122137,-2420901,-2705710,-2669883,-2431233,-2726040,-3354519,-3102009,-2945827,-3505366,-3380117,-3985996,-4277573,-3874340,-4233727,-4311508,-3315913,-3629735,-3395646,-3770231,-1200628,-759668,-907182,582156,-366425,2144647,1306627,2227508,2382616,1920828,2000091,1638099,2001460,1046217,1726260,1595389,1068906,1464392,400110,1537863,631662,797090,1791620,968267,472352,821937,1127673,976327,701722,661926,695026,530073,885974,707449,48303,1010420,150283,798512,1918559,1379612,1882566,2015766,1573513,923311,823953,895674,333774,607157,256271,327306,909197,1023056,416956,121727,886930,930965,476591,1072963,745348,649525,1243909
1655131,4305033,7573927,8006359,5171135,1463341,-1607011,796223,1602306,540508,1111729,417374,734587,-655202,-671965,-968638,-1164872,-1399204,-1571742,-1856076,-2056989,-2229510,-2201052,-2359405,-3183400,-3105627,-3166920,-3455592,-3686270,-3780578,-3758751,-3919113,-3572562,-3309008,-2794946,-2396706,-2057447,-504036,-307378,72671,1273424,1007352,1846582,1743699,1849573,2212643,2108000,1946894,1724065,1756646,1663698,1354911,1221630,1368148,1096403,993721,1178507,1223301,1108464,852206,1047294,875311,891027,771207,710330,670227,104502,761256,644613,7588,70450,-467,314923,812828,730210,930483,982337,902531,306277,-297089,-184779,-494426,-790644,-1106328,-572991,-669281,-1023322,-882398,-832348,-931055,-990726,-791654,-723671,-716795,-941877,-823734
144382,1696271,5469285,7634257,4389962,893474,-2006455,-947285,622608,908090,740485,-704725,309124,-1412765,-1922701,-1890124,-2082691,-1962544,-2594683,-2364122,-2689920,-3245192,-2997290,-3006731,-3049157,-3835722,-4156381,-3938216,-4320012,-4097342,-3826944,-4150975,-2692045,-2991454,-3099735,-1651401,-1265801,-523839,-47691,835667,1425623,1548570,2260630,2026410,2076436,2433037,2130339,1977225,1811305,1588108,1206683,1385670,1852533,1216216,1152107,1586020,1106789,1059410,1316512,1347243,1281986,1069700,933057,1190603,862026,748065,1013192,779556,851871,351671,672440,769886,938751,1765768,1881632,1357844,994651,705719,590351,258379,-120720,21813,-37611,-369697,-490259,622490,-228493,-355223,-116905,-220552,39055,-340391,-187895,-150930,81139,160501
1945245,2653595,5651272,8221463,5499867,3311218,677247,70960,2771434,2984021,2145513,2515915,2325256,56651,-928933,-1070992,-1180439,-1479375,-1573446,-1867785,-1765958,-1754300,-2478525,-2480491,-2373409,-2692841,-3180263,-3556385,-3557925,-3759211,-3979601,-3936701,-3714559,-3487488,-3223654,-2707331,-2135363,-1482789,-1162981,-440847,483198,430886,935019,1271286,1566424,1523484,1731491,2074709,1669638,1338165,1259173,1577862,1492244,969168,1007791,1279161,1490418,865323,954950,1220776,935675,891088,807401,793263,756739,782717,420212,162879,467178,144663,136210,-137703,371990,843484,769993,1137255,810490,517470,141890,-345174,-296806,-851366,-824628,-693404,-1209001,-853984,-743162,-1218386,-838342,-1021577,-1134300,-857092,-1190980,-989196,-930704,-754023
718565,1850239,3444795,4116548,3720559,3446314,2612877,1178198,-69196,-726558,-248740,-110479,-856761,-559314,-143574,-627092,-906202,-1343203,-1929785,-1993567,-2046358,-2254880,-2379947,-2449369,-2497516,-2641041,-2864001,-3007158,-3170471,-3437689,-3511705,-3550253,-3819697,-3862043,-3755250,-3937333,-3982459,-3730882,-3581195,-3304790,-2744777,-2396745,-2153192,-1569686,-962709,-598547,-339902,-316812,-290692,231390,562996,412950,716369,992699,779070,976817,1134338,764223,556330,692665,907390,603097,210880,635576,830305,575944,826705,899971,712246,1146607,1723926,1880833,2003549,2232742,2395824,2533187,2536833,2453965,2314963,1878299,1686891,1836836,1690381,1744931,1981492,1777346,1690027,1765534,1574498,1626754,1874679,1548711,1173515,1571371,1889807,1028013
2538883,4201252,3660794,3094964,417063,223412,2133434,1714271,2093660,1723009,-627050,-1419466,-1430997,-2019165,-2038708,-2102019,-2305376,-2207621,-2643303,-2785458,-2925946,-3246440,-3581152,-4083697,-4356359,-4673945,-4856308,-5193648,-5347687,-4998112,-4594382,-4241951,-3251056,-2379644,-1509219,-479576,226602,675562,1037201,1397759,1387440,1329160,1170871,1121667,1011119,814959,837628,826146,832375,884287,798494,979228,1015410,984207,1171468,960970,1003067,1000275,1032954,897330,1031062,880673,798250,938852,767822,688988,661317,932056,811136,748167,930468,901651,994040,1336300,1649804,2200180,1837378,1331039,1353948,974616,971686,889970,549839,472597,717322,764131,541823,457041,564344,709243,617299,476169,856305,749218,1294358,1702275
1243896,1682984,140554,109389,-255180,-549502,-712910,-2110239,-1256167,-1110872,-2486409,-2108305,-1884856,-2289590,-2951115,-2997469,-3407960,-3299473,-4024909,-3666577,-3787018,-3978635,-3626696,-4758813,-3743241,-3661682,-3664874,-1530895,-1770374,-894907,-558551,-166739,2469049,1538210,1363413,2472069,2262840,1973733,2285028,2342702,1708757,2816077,1268818,1830274,1074411,1520234,2282685,1623423,1486263,1659966,1488796,1027532,1656623,1051234,1353745,1607261,324880,871676,659006,881898,678269,583477,-189297,173769,1122518,519204,1177339,649122,571927,457404,574483,-37549,-291338,-440704,-238553,195264,-889465,-395649,101309,-1395048,-639302,10226,-868472,-412651,-375775,-1077440,-868178,228011,-48918,2565605,6390670,5038605,5108150,2677420,-1673199,195301
1475784,4473193,7465060,7053469,5536781,2643391,-1028876,-189610,1131303,533341,716294,728225,588751,-122463,-1453044,-1874245,-1069107,-1796464,-1854976,-1967600,-2635846,-2235111,-2676172,-2695118,-3104870,-3382470,-3136327,-4305238,-3442883,-3645840,-3973842,-3627286,-4409580,-2933748,-2340717,-2899435,-2099074,-946160,-235217,-263070,805946,1096142,1342656,1754893,1915431,2042090,1793184,1922735,1655776,1711267,1603421,1048220,1377346,1201438,1289418,1134341,819517,1002400,790039,1187269,679532,513351,922119,498646,536167,597176,724365,322537,-165278,471002,616043,-173722,123880,783108,1605517,895490,1106389,1060703,275865,271594,-316660,265778,-491327,-612738,-555128,-201340,-386350,-400353,-300353,-511028,-94467,-433208,-450448,-428740,-544155,301301
4543932,4790346,3744449,4033323,4664875,3545734,1243190,-415531,-910720,-963805,-1184960,-1495459,-1593028,-1676423,-2005319,-2226297,-2118819,-2024994,-2126406,-2320697,-2562256,-2741013,-2689773,-2621300,-2783435,-2990349,-3097040,-3187035,-3240114,-3241581,-3208407,-3238221,-3424299,-3404762,-3081584,-2968796,-2982247,-2745007,-2404093,-1952066,-1415436,-1072673,-705220,-139383,286027,552090,921799,1316320,1569205,1745039,1886779,2034150,2239084,2201565,1952396,2089127,2438829,2553195,2643300,2559950,2236709,2175595,2156076,1837811,1506437,1187955,927605,897530,859485,756834,737125,671394,589649,642750,638706,487756,486987,584371,464438,414647,643366,714036,539437,334467,172757,278329,527188,511889,320174,170891,210530,479667,532466,289289,417975,1001520
1927274,2241489,2060917,3187992,4845164,4840123,3679333,3174177,2764266,1408471,130447,-117422,123203,63332,-434397,-666831,-391716,-462854,-641508,-237064,-457960,-1554537,-1700219,-1192655,-1598325,-2170067,-2096117,-2069260,-2237810,-2379565,-2567640,-2659791,-2801636,-3086023,-3134932,-3295445,-3906282,-4090380,-3667081,-3576506,-3781900,-3716903,-3544362,-3417405,-3303347,-3217875,-2906612,-2395351,-1969812,-1409811,-765740,-554294,-504849,-106788,358689,685260,1056163,1293701,1229105,1224562,1395903,1345316,1203265,1437759,1640673,1386816,1272055,1488437,1551742,1592972,1700168,1510078,1254892,1279736,1384023,1396241,1130090,648322,723772,1492003,1972953,1842218,1699517,1702984,1568754,1274330,1067961,1111826,1162253,1038529,1085891,1316551,1329718,1329869,1358639,799145
2929950,4799506,5104555,4937885,4870768,4159554,2747843,1359120,-36119,-1071252,-755829,-197755,-886871,-1257319,-328264,-30785,-656924,-916349,-1369963,-2016111,-1675786,-1335449,-1999728,-2312152,-2105470,-2462049,-2594246,-1989754,-1946646,-2570173,-2852907,-2889507,-3002188,-3111423,-3360437,-3485417,-3202169,-3243737,-3803610,-3866774,-3381569,-3233922,-3245353,-2766800,-2069335,-1623947,-1348925,-1090154,-863859,-570982,-117561,289337,484454,663255,861142,909404,1033046,1258274,1160682,1087993,1438410,1413655,941196,1069604,1377937,954217,665038,984636,955561,654307,829521,1063734,964067,983878,1155862,1076153,877154,874582,979603,1166060,1653851,2130023,1935922,1452254,1513186,1735676,1527915,1327233,1412427,1586607,1789591,1593542,1034370,1219912,1754620,896501
2082319,4871354,4929532,5411482,5526018,3077411,-270436,-1902933,-2127354,-2765657,-2791105,-2669380,-2761528,-3264510,-2806968,-3165122,-3323580,-3466704,-4087229,-3876282,-3866101,-3879204,-3738044,-3494011,-3233839,-2525452,-1953446,-1240787,-624059,-330771,1193972,518603,1963899,1064515,2370550,1334724,1559155,1382510,1241536,982574,613187,1339081,749413,791435,767978,671853,750021,681165,283983,523000,542692,236824,358018,230683,102821,187193,269250,271791,5414,195559,279186,-223396,16985,80114,-232413,-252530,-234430,104282,185515,552888,1113403,341917,575410,49065,225127,-329669,-224926,90566,-205180,34839,-113443,-601382,-226841,-187163,-434130,-26815,-386039,-609335,-217896,79921,838191,4208404,4738240,4359265,2058016,-342759
1253738,2637017,5784985,8571041,5142660,1712610,-1628109,-1056890,1231790,381123,238668,-41425,634540,-749079,-1514407,-1540772,-2135133,-1436190,-1940774,-2314522,-2643573,-2133381,-2476406,-3619664,-3003949,-4127798,-3343141,-3100924,-4931479,-3670390,-4115186,-3924786,-3314991,-3262392,-2495222,-2140197,-855988,-195815,560479,951604,714768,2236669,2187152,1766031,1971684,2063470,2048914,1711010,1631375,1716742,990490,1145201,1491764,724470,1238199,957428,777089,1786327,467127,835517,596851,1043050,1470532,157914,735497,542643,483522,605608,162250,496809,350057,-146042,706987,1290612,1231009,1491567,1336130,1138637,733094,341900,-94734,-348993,222171,-329203,-54956,-133647,-776102,-157248,-448418,-278525,-454721,-726823,-29408,-386224,-370871,-250023
2061669,1763849,4127797,6491746,4965417,2582854,200292,1540483,1168208,311975,-97528,-544259,163064,-1512175,-1177127,-1437720,-1809995,-1921678,-2219498,-2777911,-3112959,-3783055,-4118103,-4676516,-5309384,-5458294,-5309384,-5383839,-5234929,-4341468,-3559690,-2703456,-1958905,-916534,-209211,-209211,758705,1093753,1354346,572567,1056525,647022,907615,758705,795933,609795,1130980,647022,1317118,1205435,1279891,1205435,535340,1279891,721477,1205435,870388,460885,572567,1168208,647022,535340,609795,572567,1056525,386430,647022,498112,125837,349202,423657,-134756,460885,386430,423657,200292,-358121,1056525,386430,386430,237519,684250,535340,535340,1130980,647022,1242663,1205435,721477,944843,833160,1019298,684250,609795,1019298,1540483
2744031,5311405,5383907,2373403,-88435,1167679,2378534,1901173,2231521,1014145,-698566,-642760,-1360275,-1677324,-1708405,-1849699,-2103158,-2612334,-2551274,-2644159,-3549312,-3506228,-3980452,-4550525,-4582762,-5207103,-5095611,-5191557,-4731744,-4037037,-3319515,-2332660,-1318446,-414370,155614,512835,1075788,1478816,1161577,1188318,1614649,1052428,892602,1441155,1055532,1182939,1270321,1201983,1295012,1228412,1112473,1161576,1467438,1068329,911723,1066412,947381,862736,683732,920169,722448,463518,382436,621603,410506,172449,527678,129462,243456,94224,465691,1005345,1019493,1124075,735771,552327,105355,-51567,-84389,-171383,36332,-387900,43048,-86661,105525,94126,-275768,-69977,203747,169049,876964,3094726,4562442,1730482,-1134509,-192166
1167832,1716066,2029716,2811216,4051160,4962230,4902204,3984211,2871134,1886818,757373,-371161,-733226,-377751,-288051,-658114,-828785,-722803,-657554,-584894,-584773,-909732,-1247744,-1302702,-1424793,-1713413,-1803842,-1768237,-1878205,-1931945,-1864976,-2023396,-2336747,-2437072,-2427930,-2565455,-2811658,-3116911,-3413156,-3453897,-3269808,-3231032,-3378041,-3414130,-3356213,-3428999,-3459890,-3087050,-2466078,-2107541,-2034865,-1847487,-1535148,-1342073,-1101198,-589236,-130828,-46032,-39914,217750,511278,498845,328206,400414,740444,1051854,1141235,1024316,928896,1147636,1506710,1485118,1214940,1318613,1660483,1606963,1279383,1261499,1582629,1896163,2141941,2323559,2227867,1873404,1677399,1758254,1718301,1475241,1558376,2109048,2442655,2235263,2195804,2662237,2567632,1194168
1542324,3921623,4693079,2927053,442653,-3108800,-2196167,329295,-463959,40993,111222,-342494,-769438,-2007745,-2315071,-2811977,-2174818,-2693317,-2860792,-2682652,-2936491,-2952858,-3081300,-3548102,-3519471,-3077218,-3826232,-3998857,-4047282,-3591847,-3973525,-4063393,-3435170,-3658477,-3005197,-2699452,-2549807,-1436407,-777465,-491848,-181213,574489,799104,1371441,1090223,1419838,1870383,1612974,1465192,1625105,1766767,1477330,1525519,1250569,1353990,1813180,1395122,1308487,988192,1725757,1825470,1108143,1471512,1595507,1392611,1379609,1380476,1577538,1424931,1041559,1479905,1039160,1849200,2003299,2310244,2569923,1785284,2120586,1390277,1143398,1617807,783981,764624,787800,847689,953881,506652,720792,698884,713569,943896,437456,611977,1015131,924669,619497
870339,1412804,4024659,6745002,6059706,5559513,2550224,-465437,651324,861481,-86599,-481746,212638,-213168,-1625443,-773640,-1250408,-2011430,-1796633,-2081252,-2283558,-2184632,-2316885,-2641470,-2794135,-3006449,-3329905,-3431629,-3315564,-3953069,-3880174,-3272611,-4527105,-3974076,-3331669,-3719219,-3040995,-2646971,-1395052,-373765,75755,873556,1149900,1401662,1621031,1828206,2144904,2231191,1830345,1406462,2187758,1777559,1038335,1605720,1172703,1415154,1242857,1031843,1487182,1303450,1028250,1153265,1382405,1039087,1152163,844354,436593,1169774,560526,578981,662396,226557,340726,486561,1294017,1437694,1137141,1248412,561938,433452,58527,-368581,407647,-203619,-676228,-4601,110191,-202685,-675789,-408498,-422723,-517527,-370396,-880525,-530323,-57734
916604,383236,-814902,-2257192,-2617082,-1532653,-373192,-235865,-496871,-212952,139193,-312973,-1203608,-1493186,-1132934,-872236,-1026923,-1287930,-1521640,-1816748,-2087029,-2138568,-2087029,-2176867,-2440398,-2707540,-2935114,-3146820,-3359156,-3586007,-3853872,-4028252,-3924546,-3626329,-3465167,-3499776,-3429830,-3106875,-2793766,-2641271,-2405061,-1928982,-1556976,-1584413,-1698324,-1314477,-426197,378894,669246,699438,916604,1302989,1446657,1319919,1375983,1854582,2330078,2383888,2188731,2147677,2188731,2003864,1658678,1575177,1870699,2201365,2224068,2026638,1906036,1953370,1976710,1858551,1764688,1885495,2118057,2208870,2118057,2034363,2082720,2193882,2224068,2069285,1764688,1534715,1588004,1791180,1800025,1601043,1588004,1937301,2294741,2315179,2153394,2108262,2118057,1965850
2570941,3881515,5933728,6843565,4529918,2825385,1270456,-1585059,-1766107,-42122,-540040,-960508,-423432,-672187,-692405,-601431,-805577,-959224,-1664994,-2049154,-1353550,-1588228,-2204394,-2036317,-2529162,-2901421,-2609850,-2756149,-3098223,-3505308,-3639169,-3377742,-3636810,-4092853,-3754118,-3396894,-3482975,-3216513,-2775259,-2561480,-2193881,-1441697,-787151,-619549,-300408,272237,596685,764645,849121,850363,847672,748524,759525,924680,791657,721880,816280,379933,254610,438464,153306,268261,439710,227367,203154,532033,1317839,1632870,1483664,1605583,1458405,1545725,2097269,2333117,2410896,2656940,2983465,2741769,2160265,1882418,1319960,979340,1176435,984638,918055,1129512,804449,410577,357739,216541,281908,438424,127367,-242136,-237197,-50110
1219026,1837498,2186841,3766736,5329700,4711572,3146539,2163256,802521,-414316,-356387,24000,-29459,-160665,-127887,192140,471278,-28439,-999881,-1381708,-1415518,-1746713,-1783713,-1545762,-1695834,-1826240,-1874583,-2209501,-2442107,-2489088,-2457036,-2370389,-2685344,-3057282,-3048836,-3273135,-3594731,-3651054,-3936297,-4142391,-3879330,-3889106,-4068239,-3453420,-2636613,-2621023,-2548311,-1943782,-1611571,-1137902,-430001,-297729,67269,798688,939038,1116182,1307640,1074069,1444499,1987514,1735210,1530091,1491494,1196726,1256077,1604214,1508572,1181375,1084867,1044790,1058105,1239938,1179393,937506,948748,924215,941902,1379792,1617499,1443512,1595044,1994532,1995807,1824443,2013706,2244604,2102962,1903939,1921949,1937716,1609264,1376200,1598779,1051456,-699057,-1100053
5639277,5680563,4211881,4688812,3181341,62739,-1177228,-1664513,-2053890,-2701471,-2470720,-2915019,-2903121,-3103616,-3392070,-3369704,-3580482,-3844880,-3672462,-3950517,-4012670,-4191433,-3866741,-4049256,-3636432,-3310815,-2870302,-2237632,-1440496,-802264,12242,600725,1183523,1601979,1938417,2467894,2138239,2215739,2043735,2038612,1672625,1688890,1637904,1665083,1352952,1396890,1338508,1258772,1086466,1355539,1073989,1002774,716944,841038,858559,639027,540583,812769,525871,546226,245770,272735,643048,195252,195390,145877,455698,134258,400618,168013,259554,344208,514886,1255276,1648261,1327270,1260627,831634,387702,502139,102300,30831,119064,-334540,-48038,-288150,-286492,-151364,-173513,-290388,-252488,-187509,-509903,-251050,260136,573493
414559,955078,2040759,4059995,4738437,3651856,2429123,877115,-150167,-505937,-510610,-553442,-1303706,-878111,-395317,-1306824,-1962493,-2344245,-2611027,-2784531,-2840216,-2646312,-2686204,-2868644,-3165425,-3667908,-3546571,-3303931,-3847228,-3875470,-3721787,-4319236,-4571451,-4239053,-3774298,-3333359,-3042276,-2711423,-2173004,-1528958,-870988,-425392,640,451122,619841,849427,955047,1136824,1545107,1408234,1336270,1634407,1422140,1168883,1330900,1196299,977663,1015230,981701,910475,911087,983239,918291,974639,1110281,1059107,1249494,1272245,1212851,1378787,1385512,1686542,1992659,1816807,2100292,2656622,2645073,2646995,2515814,1977738,1748026,1450335,877256,893422,1212275,1216830,1011776,682769,520076,386143,105608,507487,695102,-251671,88967,719939
376439,2177702,4081941,5673091,3503725,-212162,-3311142,-1574763,367652,136107,929314,72643,20012,-1131463,-1615590,-1813193,-2552032,-2353152,-2720113,-2215107,-2660124,-3130483,-3145428,-3445566,-3169055,-3860715,-3340011,-3702161,-4358366,-3778986,-4257139,-4235846,-4164075,-3616456,-3473737,-3234332,-2327902,-1506255,-631101,-488517,636680,973043,1042419,1823871,1953459,1628662,2007451,1767284,1258247,1743949,1026585,785378,1522125,1183368,1386130,1099014,978780,1294073,1436342,967696,1063278,1138338,1113966,1531189,1623352,1155850,875198,1219024,1037139,1032726,1022052,967322,1359918,2094618,2018923,2185637,1591287,1287175,1551254,880064,1229969,722803,435164,1105158,571649,730668,680155,693085,234782,941512,1189361,286801,932746,316775,405542,947301
153353,1627503,4574593,7214884,4547621,1042946,-1938364,-3144106,-1424655,-1153207,-1650997,-1814556,-1410990,-919332,-1592943,-2615314,-1609637,-1894880,-2505509,-2352893,-2062670,-2608679,-2983923,-2615159,-3273960,-3122124,-2604859,-3192809,-4091952,-3945701,-3673083,-3816302,-3277822,-3016060,-2851664,-1711348,-1299395,-1027313,-326463,236670,1241217,1506064,1373766,1576685,2303393,2682777,2215254,2085923,2341890,1887236,1580325,1950418,1919251,1631915,1583535,1612962,1670421,1760650,1597122,1321120,1975084,1079699,1198917,1761842,1203073,1504321,1701848,1336553,462711,1437024,1103265,924972,690553,1269241,2084081,1747849,1553024,1296294,1312372,982821,125316,203385,412840,-4460,-197938,-531601,-123596,-273967,-728204,-373153,-126524,-729040,-938356,-139857,-374232,-536979
